<?xml version="1.0" encoding="utf-8" standalone="yes"?><rss version="2.0" xmlns:atom="http://www.w3.org/2005/Atom"><channel><title>Help on</title><link>https://raqueeb.github.io/excel/docs/help/</link><description>Recent content in Help on</description><generator>Hugo -- gohugo.io</generator><language>en-US</language><lastBuildDate>Tue, 06 Oct 2020 08:49:15 +0000</lastBuildDate><atom:link href="https://raqueeb.github.io/excel/docs/help/index.xml" rel="self" type="application/rss+xml"/><item><title>How to Update</title><link>https://raqueeb.github.io/excel/docs/help/how-to-update/</link><pubDate>Thu, 12 Nov 2020 13:26:54 +0100</pubDate><guid>https://raqueeb.github.io/excel/docs/help/how-to-update/</guid><description>💡
Learn more about semantic versioning and advanced range syntax.
Update npm packages Bump the versions in the devDependencies section of ./package.json to your liking, and run:
npm update</description></item><item><title>Troubleshooting</title><link>https://raqueeb.github.io/excel/docs/help/troubleshooting/</link><pubDate>Thu, 12 Nov 2020 15:22:20 +0100</pubDate><guid>https://raqueeb.github.io/excel/docs/help/troubleshooting/</guid><description>Problems updating npm packages Delete the ./node_modules folder, and run again:
npm install Problems with cache Delete the temporary directories:
npm run clean</description></item><item><title>FAQ</title><link>https://raqueeb.github.io/excel/docs/help/faq/</link><pubDate>Tue, 06 Oct 2020 08:49:31 +0000</pubDate><guid>https://raqueeb.github.io/excel/docs/help/faq/</guid><description>Hyas? Doks is a Hyas theme build by the creator of Hyas.
Footer notice? Please keep it in place.
Keyboard shortcuts for search? focus: / select: ↓ and ↑ open: Enter close: Esc Other documentation? Netlify Hugo Can I get support? Create a topic:
Netlify Community Hugo Forums Contact the creator? Send h-enk a message:
Netlify Community Hugo Forums</description></item></channel></rss>