<?xml version="1.0" encoding="utf-8" standalone="yes"?><rss version="2.0" xmlns:atom="http://www.w3.org/2005/Atom"><channel><title>রকিবুল হাসান on</title><link>https://raqueeb.github.io/excel/contributors/%E0%A6%B0%E0%A6%95%E0%A6%BF%E0%A6%AC%E0%A7%81%E0%A6%B2-%E0%A6%B9%E0%A6%BE%E0%A6%B8%E0%A6%BE%E0%A6%A8/</link><description>Recent content in রকিবুল হাসান on</description><generator>Hugo -- gohugo.io</generator><language>en-US</language><lastBuildDate>Wed, 04 Nov 2020 09:19:42 +0100</lastBuildDate><atom:link href="https://raqueeb.github.io/excel/contributors/%E0%A6%B0%E0%A6%95%E0%A6%BF%E0%A6%AC%E0%A7%81%E0%A6%B2-%E0%A6%B9%E0%A6%BE%E0%A6%B8%E0%A6%BE%E0%A6%A8/index.xml" rel="self" type="application/rss+xml"/><item><title>কেন বইটা লিখতে চাইলাম? 👋</title><link>https://raqueeb.github.io/excel/blog/%E0%A6%95%E0%A7%87%E0%A6%A8-%E0%A6%AC%E0%A6%87%E0%A6%9F%E0%A6%BE-%E0%A6%B2%E0%A6%BF%E0%A6%96%E0%A6%A4%E0%A7%87-%E0%A6%9A%E0%A6%BE%E0%A6%87%E0%A6%B2%E0%A6%BE%E0%A6%AE/</link><pubDate>Wed, 04 Nov 2020 09:19:42 +0100</pubDate><guid>https://raqueeb.github.io/excel/blog/%E0%A6%95%E0%A7%87%E0%A6%A8-%E0%A6%AC%E0%A6%87%E0%A6%9F%E0%A6%BE-%E0%A6%B2%E0%A6%BF%E0%A6%96%E0%A6%A4%E0%A7%87-%E0%A6%9A%E0%A6%BE%E0%A6%87%E0%A6%B2%E0%A6%BE%E0%A6%AE/</guid><description/></item></channel></rss>