<?xml version="1.0" encoding="utf-8" standalone="yes"?><rss version="2.0" xmlns:atom="http://www.w3.org/2005/Atom"><channel><title>Contributors on</title><link>https://raqueeb.github.io/excel/contributors/</link><description>Recent content in Contributors on</description><generator>Hugo -- gohugo.io</generator><language>en-US</language><lastBuildDate>Tue, 06 Oct 2020 08:50:29 +0000</lastBuildDate><atom:link href="https://raqueeb.github.io/excel/contributors/index.xml" rel="self" type="application/rss+xml"/><item><title>রকিবুল হাসান</title><link>https://raqueeb.github.io/excel/contributors/%E0%A6%B0%E0%A6%95%E0%A6%BF%E0%A6%AC%E0%A7%81%E0%A6%B2-%E0%A6%B9%E0%A6%BE%E0%A6%B8%E0%A6%BE%E0%A6%A8/</link><pubDate>Wed, 04 Nov 2020 09:19:42 +0100</pubDate><guid>https://raqueeb.github.io/excel/contributors/%E0%A6%B0%E0%A6%95%E0%A6%BF%E0%A6%AC%E0%A7%81%E0%A6%B2-%E0%A6%B9%E0%A6%BE%E0%A6%B8%E0%A6%BE%E0%A6%A8/</guid><description/></item><item><title>Henk Verlinde</title><link>https://raqueeb.github.io/excel/contributors/henk-verlinde/</link><pubDate>Tue, 06 Oct 2020 08:50:45 +0000</pubDate><guid>https://raqueeb.github.io/excel/contributors/henk-verlinde/</guid><description>Creator of Hyas.
@HenkVerlinde</description></item></channel></rss>