<?xml version="1.0" encoding="utf-8" standalone="yes"?><rss version="2.0" xmlns:atom="http://www.w3.org/2005/Atom"><channel><title>উৎকর্ষের সন্ধানে: কোথায় যেতে চাই আমরা? on</title><link>https://raqueeb.github.io/excel/</link><description>Recent content in উৎকর্ষের সন্ধানে: কোথায় যেতে চাই আমরা? on</description><generator>Hugo -- gohugo.io</generator><language>en-US</language><lastBuildDate>Tue, 06 Oct 2020 08:47:36 +0000</lastBuildDate><atom:link href="https://raqueeb.github.io/excel/index.xml" rel="self" type="application/rss+xml"/><item><title>রকিবের ব্লগ</title><link>https://raqueeb.github.io/excel/blog/</link><pubDate>Tue, 06 Oct 2020 08:49:55 +0000</pubDate><guid>https://raqueeb.github.io/excel/blog/</guid><description/></item><item><title>Docs</title><link>https://raqueeb.github.io/excel/docs/</link><pubDate>Tue, 06 Oct 2020 08:48:23 +0000</pubDate><guid>https://raqueeb.github.io/excel/docs/</guid><description/></item></channel></rss>